citycode,city,city_en
967,אבו ג'ווייעד (שבט),ABU JUWEI'ID
472,אבו גוש,ABU GHOSH
473,אבו סנאן,ABU SINAN
935,אבו סריחאן (שבט),ABU SUREIHAN
958,אבו עבדון (שבט),ABU  ABDUN
1042,אבו עמאר (שבט),ABU  AMMAR
932,אבו עמרה (שבט),ABU  AMRE
1342,אבו קורינאת (יישוב),ABU QUREINAT
968,אבו קורינאת (שבט),ABU QUREINAT
966,אבו רובייעה (שבט),ABU RUBEI'A
961,אבו רוקייק (שבט),ABU RUQAYYEQ
1375,אבו תלול,ABU TULUL
652,אבטין,IBTIN
1275,אבטליון,AVTALYON
679,אביאל,AVI'EL
1115,אביבים,AVIVIM
819,אביגדור,AVIGEDOR
175,אביחיל,AVIHAYIL
2052,אביטל,AVITAL
1070,אביעזר,AVI'EZER
1220,אבירים,ABBIRIM
182,אבן יהודה,EVEN YEHUDA
1081,אבן מנחם,EVEN MENAHEM
783,אבן ספיר,EVEN SAPPIR
400,אבן שמואל,EVEN SHEMU'EL
4011,אבני איתן,AVNE ETAN
3793,אבני חפץ,AVNE HEFEZ
3786,אבנת,AVENAT
1311,אבשלום,AVSHALOM
3759,אדורה,ADORA
113,אדירים,ADDIRIM
1068,אדמית,ADAMIT
1123,אדרת,ADDERET
446,אודים,UDIM
4010,אודם,ODEM
1046,אוהד,OHAD
2710,אום אל-פחם,UMM AL-FAHM
2024,אום אל-קוטוף,UMM AL-QUTUF
1358,אום בטין,UMM BATIN
1108,אומן,OMEN
680,אומץ,OMEZ
31,אופקים,OFAQIM
1294,אור הגנוז,OR HAGANUZ
67,אור הנר,OR HANER
2400,אור יהודה,OR YEHUDA
1020,אור עקיבא,OR AQIVA
780,אורה,ORA
1771,אורון,
2012,אורות,OROT
4013,אורטל,ORTAL
403,אורים,URIM
882,אורנים,ORANIM
3760,אורנית,ORANIT
278,אושה,USHA
565,אזור,AZOR
1852,"אזור אילון מ""א 4",
1851,"אזור אילון מ""א 52",
1853,"אזור אילון של""ש",
1922,"אזור אשדוד מ""א 29",
1921,"אזור אשדוד מ""א 33",
1923,"אזור אשדוד של""ש",
1924,"אזור אשקלון מ""א 36",
1926,"אזור אשקלון מ""א 37",
1937,"אזור באר שבע מ""א 41",
1938,"אזור באר שבע מ""א 51",
1939,"אזור באר שבע של""ש",
1933,"אזור בשור מ""א 38",
1935,"אזור בשור מ""א 39",
1934,"אזור בשור מ""א 42",
1907,"אזור גלילות מ""א 19",
1931,"אזור גרר מ""א 39",
1929,"אזור גרר מ""א 41",
1930,"אזור גרר מ""א 42",
1866,"אזור זכרון יעקב מ""א 15",
1867,"אזור זכרון יעקב של""ש",
1873,"אזור חדרה מ""א 14",
1872,"אזור חדרה מ""א 15",
1871,"אזור חדרה מ""א 45",
1874,"אזור חדרה של""ש",
1909,"אזור חולון של""ש",
1860,"אזור חיפה מ""א 12",
1862,"אזור חיפה של""ש",
1813,"אזור חצור מ""א 1",
1814,"אזור חצור מ""א 55",
1815,"אזור חצור של""ש",
1848,"אזור יחיעם מ""א 2",
1846,"אזור יחיעם מ""א 4",
1847,"אזור יחיעם מ""א 52",
1849,"אזור יחיעם מ""א 56",
1850,"אזור יחיעם של""ש",
1942,"אזור ים המלח מ""א 51",
1836,"אזור יקנעם מ""א 13",
1835,"אזור יקנעם מ""א 9",
1805,"אזור כינרות מ""א 3",
1816,"אזור כנרות מ""א 1",
1817,"אזור כנרות מ""א 6",
1818,"אזור כנרות של""ש",
1843,"אזור כרמיאל מ""א 2",
1844,"אזור כרמיאל מ""א 56",
1845,"אזור כרמיאל של""ש",
1919,"אזור לכיש מ""א 34",
1917,"אזור לכיש מ""א 35",
1920,"אזור לכיש מ""א 41",
1918,"אזור לכיש מ""א 50",
1887,"אזור מודיעין מ""א 25",
1890,"אזור מודיעין מ""א 30",
1895,"אזור מודיעין של""ש",
1911,"אזור מלאכי מ""א 33",
1915,"אזור מלאכי מ""א 34",
1913,"אזור מלאכי מ""א 35",
1914,"אזור מלאכי מ""א 50",
1855,"אזור נהרייה מ""א 4",
1856,"אזור נהרייה של""ש",
1858,"אזור עכו מ""א 4",
1857,"אזור עכו מ""א 56",
1859,"אזור עכו של""ש",
1888,"אזור פתח תקווה מ""א 20",
1886,"אזור פתח תקווה מ""א 25",
1889,"אזור פתח תקווה של""ש",
1903,"אזור ראשל""צ מ""א 27",
1904,"אזור ראשל""צ של""ש",
1896,"אזור רחובות מ""א 28",
1899,"אזור רחובות מ""א 29",
1898,"אזור רחובות מ""א 30",
1901,"אזור רחובות מ""א 31",
1897,"אזור רחובות מ""א 32",
1902,"אזור רחובות של""ש",
1892,"אזור רמלה מ""א 25",
1891,"אזור רמלה מ""א 30",
1893,"אזור רמלה מ""א 40",
1894,"אזור רמלה של""ש",
1908,"אזור רמת גן של""ש",
1841,"אזור שפרעם מ""א 56",
1840,"אזור שפרעם מ""א 9",
1842,"אזור שפרעם של""ש",
1905,"אזור תל אביב של""ש",
1724,אזור תעסוקה משגב(תרדיון),
1865,"אזור תעשיה אכסאל מ""א 9",
1726,אזור תעשייה אכזיב (מילואות),
1727,אזור תעשייה נעמן (מילואות),
1157,אחווה,AHAWA
821,אחוזם,AHUZZAM
1330,אחוזת ברק,AHUZZAT BARAQ
785,אחיהוד,AHIHUD
850,אחיטוב,AHITUV
804,אחיסמך,AHISAMAKH
797,אחיעזר,AHI'EZER
965,אטרש (שבט),ATRASH
338,איבים,IBBIM
716,אייל,EYAL
77,איילת השחר,AYYELET HASHAHAR
294,אילון,ELON
1716,אילון תבור*,
1126,אילות,ELOT
49,אילנייה,ILANIYYA
2600,אילת,ELAT
1336,אירוס,IRUS
3762,איתמר,ITAMAR
37,איתן,ETAN
886,איתנים,ETANIM
478,אכסאל,IKSAL
1339,אל -עזי,AL-AZY
1316,אל -עריאן,AL-ARYAN
4003,אל -רום,EL-ROM
1359,אל סייד,AL SAYYID
1145,אלומה,ALUMMA
330,אלומות,ALUMMOT
1182,אלון הגליל,ALLON HAGALIL
3579,אלון מורה,ELON MORE
3604,אלון שבות,ALLON SHEVUT
429,אלוני אבא,ALLONE ABBA
4017,אלוני הבשן,ALLONE HABASHAN
868,אלוני יצחק,ALLONE YIZHAQ
285,אלונים,ALLONIM
4002,אלי-עד,ELI-AD
1365,אליאב,ELIAV
41,אליכין,ELYAKHIN
1248,אליפז,ELIFAZ
730,אליפלט,ELIFELET
682,אליקים,ELYAQIM
204,אלישיב,ELYASHIV
841,אלישמע,ELISHAMA
1125,אלמגור,ALMAGOR
3556,אלמוג,ALMOG
1309,אלעד,EL'AD
3618,אלעזר,EL'AZAR
3750,אלפי מנשה,ALFE MENASHE
603,אלקוש,ELQOSH
3560,אלקנה,ELQANA
772,אמונים,EMUNIM
1064,אמירים,AMIRIM
1253,אמנון,AMNUN
23,אמציה,AMAZYA
4012,אניעם,ANI'AM
960,אסד (שבט),ASAD
3754,אספר,ASFAR
529,אעבלין,I'BILLIN
963,אעצם (שבט),A'SAM
959,אפיניש (שבט),AFEINISH
4301,אפיק,AFIQ
176,אפיקים,AFIQIM
313,אפק,AFEQ
3650,אפרת,EFRAT
701,ארבל,ARBEL
3598,ארגמן,ARGAMAN
714,ארז,EREZ
3570,אריאל,ARI'EL
1324,ארסוף,ARSUF
71,אשבול,ESHBOL
1276,אשבל,ESHBAL
70,אשדוד,ASHDOD
199,אשדות יעקב (איחוד),ASHDOT YA'AQOV(IHUD)
188,אשדות יעקב (מאוחד),ASHDOT YA'AQOV(ME'UHAD)
1188,אשחר,ESHHAR
3722,אשכולות,ESHKOLOT
2021,אשל הנשיא,ESHEL HANASI
1152,אשלים,ASHALIM
7100,אשקלון,ASHQELON
1256,אשרת,ASHERAT
740,אשתאול,ESHTA'OL
6000,באקה אל-גרביה,BAQA AL-GHARBIYYE
21,באר אורה,BE'ER ORA
1376,באר גנים,BE'ER GANNIM
155,באר טוביה,BE'ER TOVIYYA
2530,באר יעקב,BE'ER YA'AQOV
1278,באר מילכה,BE'ER MILKA
9000,באר שבע,BE'ER SHEVA
450,בארות יצחק,BE'EROT YIZHAQ
697,בארותיים,BE'EROTAYIM
399,בארי,BE'ERI
559,בוסתן הגליל,BUSTAN HAGALIL
482,בועיינה-נוג'ידאת,BU'EINE-NUJEIDAT
4001,בוקעאתא,BUQ'ATA
698,בורגתה,BURGETA
2043,בחן,BAHAN
762,בטחה,BITHA
1725,"בי""ס אזורי מקיף (אשר)",
234,ביצרון,BIZZARON
998,ביר אל-מכסור,BIR EL-MAKSUR
1348,ביר הדאג',BIR HADAGE
368,בירייה,BIRIYYA
317,בית אורן,BET OREN
3574,בית אל,BET EL
562,בית אלעזרי,BET EL'AZARI
95,בית אלפא,BET ALFA
3652,בית אריה,BET ARYE
1076,בית ברל,BET BERL
480,בית ג'ן,BEIT JANN
619,בית גוברין,BET GUVRIN
571,בית גמליאל,BET GAMLI'EL
466,בית דגן,BET DAGAN
723,בית הגדי,BET HAGADDI
373,בית הלוי,BET HALEWI
322,בית הלל,BET HILLEL
572,בית העמק,BET HAEMEQ
3645,בית הערבה,BET HAARAVA
242,בית השיטה,BET HASHITTA
353,בית זיד,BET ZEID
710,בית זית,BET ZAYIT
143,בית זרע,BET ZERA
1712,בית חולים פוריה,
3575,בית חורון,BET HORON
877,בית חירות,BET HERUT
2033,בית חלקיה,BET HILQIYYA
159,בית חנן,BET HANAN
800,בית חנניה,BET HANANYA
1050,בית חשמונאי,BET HASHMONAY
288,בית יהושע,BET YEHOSHUA
265,בית יוסף,BET YOSEF
200,בית ינאי,BET YANNAY
326,בית יצחק-שער חפר,BET YIZHAQ-SH. HEFER
430,בית לחם הגלילית,BET LEHEM HAGELILIT
751,בית מאיר,BET ME'IR
784,בית נחמיה,BET NEHEMYA
16,בית ניר,BET NIR
672,בית נקופה,BET NEQOFA
202,בית עובד,BET OVED
301,בית עוזיאל,BET UZZI'EL
756,בית עזרא,BET EZRA
604,בית עריף,BET ARIF
212,בית צבי,BET ZEVI
598,בית קמה,BET QAMA
365,בית קשת,BET QESHET
848,בית רבן,BET RABBAN
1162,בית רימון,BET RIMMON
9200,בית שאן,BET SHE'AN
2610,בית שמש,BET SHEMESH
248,בית שערים,BET SHE'ARIM
747,בית שקמה,BET SHIQMA
252,ביתן אהרן,BITAN AHARON
3780,ביתר עילית,BETAR ILLIT
94,בלפוריה,BALFURYA
760,בן זכאי,BEN ZAKKAY
712,בן עמי,BEN AMMI
1084,בן שמן (כפר נוער),BEN SHEMEN(K.NO'AR)
2013,בן שמן (מושב),BEN SHEMEN (MOSHAV)
6100,בני ברק,BENE BERAQ
1368,בני דקלים,BNE DEQALIM
592,בני דרום,BENE DAROM
386,בני דרור,BENE DEROR
4015,בני יהודה,BENE YEHUDA
1363,בני נצרים,BNE NETSARIM
448,בני עטרות,BENE ATAROT
1066,"בני עי""ש",BENE AYISH
418,בני ציון,BENE ZIYYON
588,בני ראם,BENE RE'EM
685,בניה,BENAYA
9800,בנימינה-גבעת עדה*,BINYAMINA-GIV'AT ADA
1326,"בסמ""ה",BASMA
944,בסמת טבעון,BASMAT TAB'UN
483,בענה,BI'NE
389,בצרה,BAZRA
589,בצת,BEZET
864,בקוע,BEQOA
3612,בקעות,BEQA'OT
1854,"בקעת נטופה מ""א 56",
1884,"בקעת תירען מ""א 3",
1728,בר-לב,
823,בר גיורא,BAR GIYYORA
1191,בר יוחאי,BAR YOHAY
3744,ברוכין,BRUKHIN
428,ברור חיל,BEROR HAYIL
2060,ברוש,BEROSH
3710,ברכה,BERAKHA
746,ברכיה,BEREKHYA
667,ברעם,BAR'AM
141,ברק,BARAQ
617,ברקאי,BARQAY
3654,ברקן,BARQAN
2038,ברקת,BAREQET
1323,בת הדר,BAT HADAR
1361,בת חן,BAT HEN
1319,בת חפר,BAT HEFER
6200,בת ים,BAT YAM
3794,בת עין,BAT AYIN
33,בת שלמה,BAT SHELOMO
1736,בתי זיקוק - קישון,
1292,ג'דיידה-מכר,JUDEIDE-MAKER
485,ג'ולס,JULIS
627,ג'לג'וליה,JALJULYE
976,ג'נאביב (שבט),JUNNABIB
541,ג'סר א-זרקא,JISR AZ-ZARQA
487,ג'ש (גוש חלב),JISH(GUSH HALAV)
628,ג'ת,JATT
872,גאולי תימן,GE'ULE TEMAN
379,גאולים,GE'ULIM
1963,"גאון הירדן מ""א 3",
853,גאליה,GE'ALYA
352,גבולות,GEVULOT
424,גבים,GEVIM
86,גבע,GEVA
3763,גבע בנימין,GEVA BINYAMIN
683,גבע כרמל,GEVA  KARMEL
2014,גבעולים,GIV'OLIM
3644,גבעון החדשה,GIV'ON HAHADASHA
1344,גבעות בר,GEVA'OT BAR
1293,גבעת אבני,GIV'AT AVNI
1288,גבעת אלה,GIV'AT ELA
147,גבעת ברנר,GIV'AT BRENNER
870,גבעת השלושה,GIV'AT HASHELOSHA
3730,גבעת זאב,GIV'AT ZE'EV
207,"גבעת ח""ן",GIV'AT HEN
1740,גבעת חביבה,
2018,גבעת חיים (איחוד),GIV'AT HAYYIM (IHUD)
173,גבעת חיים (מאוחד),GIV'AT HAYYIM(ME'UHAD)
4021,גבעת יואב,GIV'AT YO'AV
787,גבעת יערים,GIV'AT YE'ARIM
919,גבעת ישעיהו,GIV'AT YESHA'YAHU
802,"גבעת כ""ח",GIV'AT KOAH
360,"גבעת ניל""י",GIV'AT NILI
703,גבעת עוז,GIV'AT OZ
681,גבעת שמואל,GIV'AT SHEMU'EL
566,גבעת שמש,GIV'AT SHEMESH
1077,גבעת שפירא,GIV'AT SHAPPIRA
793,גבעתי,GIV'ATI
6300,גבעתיים,GIV'ATAYIM
342,גברעם,GEVAR'AM
133,גבת,GEVAT
35,גדות,GADOT
145,גדיש,GADISH
442,גדעונה,GID'ONA
2550,גדרה,GEDERA
1966,"גולן דרומי מ""א 71",
1962,"גולן צפוני מ""א 71",
1964,"גולן תיכון מ""א 71",
852,גונן,GONEN
755,גורן,GOREN
1219,גורנות הגליל,GORNOT HAGALIL
457,גזית,GAZIT
370,גזר,GEZER
706,גיאה,GE'A
196,גיבתון,GIBBETON
1043,גיזו,GIZO
1204,גילון,GILON
736,גילת,GILAT
262,גינוסר,GINNOSAR
92,גיניגר,GINNEGAR
863,גינתון,GINNATON
1206,גיתה,GITTA
3613,גיתית,GITTIT
393,גלאון,GAL'ON
3606,גלגל,GILGAL
346,גליל ים,GELIL YAM
1809,"גליל עליון מז מ""א 1",
1811,"גליל עליון מז מ""א 2",
1810,"גליל עליון מז מ""א 55",
1812,"גליל עליון מז של""ש",
1820,"גליל תחתון מז מ""א 2",
1819,"גליל תחתון מז מ""א 3",
1821,"גליל תחתון מז מ""א 6",
1822,"גליל תחתון מז של""ש",
369,גלעד (אבן יצחק),GAL'ED (EVEN YIZHAQ)
1997,"גמ""ל מחוז דרום",
745,גמזו,GIMZO
1072,גן הדרום,GAN HADAROM
225,גן השומרון,GAN HASHOMERON
239,גן חיים,GAN HAYYIM
734,גן יאשיה,GAN YOSHIYYA
166,גן יבנה,GAN YAVNE
1274,גן נר,GAN NER
311,גן שורק,GAN SOREQ
144,גן שלמה,GAN SHELOMO
72,גן שמואל,GAN SHEMU'EL
836,גנות,GANNOT
549,גנות הדר,GANNOT HADAR
1103,גני הדר,GANNE HADAR
1371,גני טל,GANNE TAL
862,גני יוחנן,GANNE YOHANAN
218,גני עם,GANNE AM
229,גני תקווה,GANNE TIQWA
842,געש,GA'ASH
463,געתון,GA'TON
39,גפן,GEFEN
1129,גרופית,GEROFIT
4022,גשור,GESHUR
305,גשר,GESHER
574,גשר הזיו,GESHER HAZIW
340,גת (קיבוץ),GAT(QIBBUZ)
128,גת רימון,GAT RIMMON
494,דאלית אל-כרמל,DALIYAT AL-KARMEL
146,דבורה,DEVORA
489,דבורייה,DABURIYYA
849,דבירה,DEVIRA
407,דברת,DAVERAT
62,דגניה א',DEGANYA ALEF
79,דגניה ב',DEGANYA BET
1067,"דוב""ב",DOVEV
3747,דולב,DOLEV
738,דור,DOR
336,דורות,DOROT
475,דחי,DAHI
490,דייר אל-אסד,DEIR AL-ASAD
492,דייר חנא,DEIR HANNA
493,דייר ראפאת,DEIR RAFAT
2200,דימונה,DIMONA
2063,דישון,DISHON
300,דלייה,DALIYYA
431,דלתון,DALTON
1709,דלתון,
1317,דמיידה,DEMEIDE
303,דן,DAN
302,דפנה,DAFNA
1241,דקל,DEQEL
1881,"דרום השרון מ""א 18",
1882,"דרום השרון מ""א 20",
1885,"דרום השרון של""ש",
1998,דרום יהודה,
1349,דריג'את,DERIG'AT
702,האון,HAON
675,הבונים,HABONIM
356,הגושרים,HAGOSHERIM
191,הדר עם,HADAR AM
9700,הוד השרון,HOD HASHARON
1322,הודיות,HODAYOT
726,הודייה,HODIYYA
1169,הוואשלה (שבט),HAWASHLA
956,הוזייל (שבט),HUZAYYEL
1186,הושעיה,HOSHA'AYA
250,הזורע,HAZOREA
307,הזורעים,HAZORE'IM
434,החותרים,HAHOTERIM
684,היוגב,HAYOGEV
1208,הילה,HILLA
377,המעפיל,HAMA'PIL
1751,המרכז למחקר-נחל שורק,
677,הסוללים,HASOLELIM
423,העוגן,HAOGEN
1944,"הערבה מ""א 51",
1945,"הערבה מ""א 53",
1946,"הערבה מ""א 54",
3769,הר אדר,HAR ADAR
1869,"הר אלכסנדר מ""א 14",
1868,"הר אלכסנדר מ""א 45",
1870,"הר אלכסנדר של""ש",
3603,הר גילה,HAR GILLO
1953,"הר הנגב הדרומי מ""א 48",
1951,"הר הנגב הדרומי מ""א 53",
1952,"הר הנגב הדרומי מ""א 54",
1948,"הר הנגב הצפוני מ""א 48",
1949,"הר הנגב הצפוני מ""א 51",
1947,"הר הנגב הצפוני מ""א 53",
1950,"הר הנגב הצפוני מ""א 54",
1261,הר עמשא,HAR AMASA
464,הראל,HAR'EL
1249,הרדוף,HARDUF
1801,"הרי יהודה מ""א 26",
1802,"הרי יהודה של""ש",
1823,הרי נצרת-תירען,
1839,"הרי נצרת-תירען מ""א 9",
6400,הרצלייה,HERZLIYYA
1203,הררית,HARARIT
1999,השומרון,
3639,ורד יריחו,WERED YERIHO
1133,ורדון,WARDON
2742,זבארגה (שבט),ZABARGA
815,זבדיאל,ZAVDI'EL
44,זוהר,ZOHAR
584,זיקים,ZIQIM
788,זיתן,ZETAN
9300,זכרון יעקב,ZIKHRON YA'AQOV
799,זכריה,ZEKHARYA
1290,זמר,ZEMER
1065,זמרת,ZIMRAT
816,זנוח,ZANOAH
2064,זרועה,ZERU'A
975,זרזיר,ZARZIR
818,זרחיה,ZERAHYA
1321,ח'ואלד,KHAWALED
986,ח'ואלד (שבט),KHAWALED
235,חבצלת השרון,HAVAZZELET HASHARON
1110,חבר,HEVER
717,חגור,HAGOR
3764,חגי,HAGGAY
205,חגלה,HOGLA
4026,חד-נס,HAD-NES
618,חדיד,HADID
6500,חדרה,HADERA
948,חוג'ייראת (ד'הרה) (שבט),HUJEIRAT (DAHRA)
160,חולדה,HULDA
6600,חולון,HOLON
1239,חולית,HOLIT
253,חולתה,HULATA
662,חוסן,HOSEN
1332,חוסנייה,HUSSNIYYA
1864,"חוף הכרמל מ""א 15",
115,חופית,HOFIT
374,חוקוק,HUQOQ
1303,חורה,HURA
496,חורפיש,HURFEISH
355,חורשים,HORESHIM
1047,חזון,HAZON
219,חיבת ציון,HIBBAT ZIYYON
3643,חיננית,HINNANIT
4000,חיפה,HAIFA
162,חירות,HERUT
1272,חלוץ,HALUZ
3573,חלמיש,HALLAMISH
820,חלץ,HELEZ
993,חמאם,HAMAM
801,חמד,HEMED
343,חמדיה,HAMADYA
3646,חמדת,HEMDAT
3609,חמרה,HAMRA
807,חניאל,HANNI'EL
280,חניתה,HANITA
1257,חנתון,HANNATON
4005,חספין,HASPIN
363,חפץ חיים,HAFEZ HAYYIM
90,חפצי-בה,HEFZI-BAH
700,חצב,HAZAV
13,חצבה,HAZEVA
406,חצור-אשדוד,HAZOR-ASHDOD
2034,חצור הגלילית,HAZOR HAGELILIT
397,חצרים,HAZERIM
422,חרב לאת,HEREV LE'ET
1024,חרוצים,HARUZIM
1247,חריש,HARISH
1960,"חרמון מ""א 71",
3717,חרמש,HERMESH
1209,חרשים,HARASHIM
3770,חשמונאים,HASHMONA'IM
6700,טבריה,TIBERIAS
962,טובא-זנגרייה,TUBA-ZANGARIYYE
498,טורעאן,TUR'AN
2730,טייבה,TAYIBE
497,טייבה (בעמק),TAYIBE(BAEMEQ)
2720,טירה,TIRE
663,טירת יהודה,TIRAT YEHUDA
2100,טירת כרמל,TIRAT KARMEL
268,טירת צבי,TIRAT ZEVI
1181,טל-אל,TAL-EL
462,טל שחר,TAL SHAHAR
1177,טללים,TELALIM
3788,טלמון,TALMON
8900,טמרה,TAMRA
547,טמרה (יזרעאל),TAMRA (YIZRE'EL)
3743,טנא,TENE
1214,טפחות,TEFAHOT
1295,יאנוח-ג'ת,YANUH-JAT
1232,יבול,YEVUL
46,יבנאל,YAVNE'EL
2660,יבנה,YAVNE
96,יגור,YAGUR
798,יגל,YAGEL
577,יד בנימין,YAD BINYAMIN
1134,יד השמונה,YAD HASHEMONA
758,יד חנה,YAD HANNA
358,יד מרדכי,YAD MORDEKHAY
775,יד נתן,YAD NATAN
64,"יד רמב""ם",YAD RAMBAM
1144,ידידה,YEDIDA
9400,יהוד,YEHUD
1158,יהל,YAHEL
2009,יובל,YUVAL
1226,יובלים,YUVALLIM
1112,יודפת,YODEFAT
4007,יונתן,YONATAN
803,יושיביה,YOSHIVYA
452,יזרעאל,YIZRE'EL
409,יחיעם,YEHI'AM
866,יטבתה,YOTVATA
3607,"ייט""ב",YITAV
811,יכיני,YAKHINI
1772,ים המלח - בתי מלון,
753,ינוב,YANUV
2011,ינון,YINNON
29,יסוד המעלה,YESUD HAMA'ALA
440,יסודות,YESODOT
575,יסעור,YAS'UR
1138,יעד,YA'AD
1117,יעל,YA'EL
1044,יעף,YE'AF
795,יערה,YA'ARA
1863,"יערות גבעת המורה מ""א 9",
499,יפיע,YAFI
3566,יפית,YAFIT
134,יפעת,YIF'AT
453,יפתח,YIFTAH
3749,יצהר,YIZHAR
759,יציץ,YAZIZ
417,יקום,YAQUM
3647,יקיר,YAQIR
241,יקנעם (מושבה),YOQNE'AM(MOSHAVA)
240,יקנעם עילית,YOQNE'AM ILLIT
623,יראון,YIR'ON
2026,ירדנה,YARDENA
831,ירוחם,YEROHAM
3000,ירושלים,JERUSALEM
718,ירחיב,YARHIV
502,ירכא,YIRKA
183,ירקונה,YARQONA
916,ישע,YESHA
805,ישעי,YISH'I
828,ישרש,YASHRESH
1227,יתד,YATED
504,כאבול,KABUL
505,כאוכב אבו אל-היג'א,KAOKAB ABU AL-HIJA
576,כברי,KABRI
371,כדורי,KADOORIE
1338,כדיתה,KADDITA
3564,כוכב השחר,KOKHAV HASHAHAR
1224,כוכב יאיר,KOKHAV YA'IR
3779,כוכב יעקב,KOKHAV YA'AQOV
824,כוכב מיכאל,KOKHAV MIKHA'EL
1252,כורזים,KORAZIM
1210,כחל,KAHAL
1367,כחלה,KOCHLEA
840,כיסופים,KISSUFIM
1153,כישור,KISHOR
1183,כליל,KELIL
1229,כלנית,KALLANIT
1331,כמאנה,KAMANE
1291,כמהין,KEMEHIN
1201,כמון,KAMMON
2006,כנות,KANNOT
4028,כנף,KANAF
63,כנרת (מושבה),KINNERET(MOSHAVA)
57,כנרת (קבוצה),KINNERET(QEVUZA)
1059,כסיפה,KUSEIFE
859,כסלון,KESALON
1296,כסרא-סמיע,KISRA-SUMEI
978,כעביה-טבאש-חג'אג'רה,KA'ABIYYE-TABBASH-HAJAJRE
857,כפר אביב,KEFAR AVIV
3638,כפר אדומים,KEFAR ADUMMIM
364,כפר אוריה,KEFAR URIYYA
690,כפר אחים,KEFAR AHIM
220,כפר ביאליק,KEFAR BIALIK
177,"כפר ביל""ו",KEFAR BILU
357,כפר בלום,KEFAR BLUM
2010,כפר בן נון,KEFAR BIN NUN
633,כפר ברא,KAFAR BARA
132,כפר ברוך,KEFAR BARUKH
106,כפר גדעון,KEFAR GID'ON
427,כפר גלים,KEFAR GALLIM
310,כפר גליקסון,KEFAR GLIKSON
76,כפר גלעדי,KEFAR GIL'ADI
707,כפר דניאל,KEFAR DANIYYEL
3796,כפר האורנים,KEFAR HAORANIM
192,כפר החורש,KEFAR HAHORESH
254,כפר המכבי,KEFAR HAMAKKABBI
582,כפר הנגיד,KEFAR HANAGID
890,כפר הנוער הדתי,KEFAR HANO'AR HADATI
443,כפר הנשיא,KEFAR HANASI
187,כפר הס,KEFAR HESS
217,"כפר הרא""ה",KEFAR HARO'E
888,"כפר הרי""ף",KEFAR HARIF
190,כפר ויתקין,KEFAR VITKIN
320,כפר ורבורג,KEFAR WARBURG
1263,כפר ורדים,KEFAR WERADIM
1325,כפר זוהרים,KEFAR ZOHARIM
786,כפר זיתים,KEFAR ZETIM
696,"כפר חב""ד",KEFAR HABAD
609,כפר חושן,KEFAR HOSHEN
255,כפר חיטים,KEFAR HITTIM
193,כפר חיים,KEFAR HAYYIM
1297,כפר חנניה,KEFAR HANANYA
112,כפר חסידים א',KEFAR HASIDIM ALEF
889,כפר חסידים ב',KEFAR HASIDIM BET
4004,כפר חרוב,KEFAR HARUV
673,כפר טרומן,KEFAR TRUMAN
507,כפר יאסיף,KAFAR YASIF
233,כפר ידידיה,KEFAR YEDIDYA
140,כפר יהושע,KEFAR YEHOSHUA
168,כפר יונה,KEFAR YONA
85,כפר יחזקאל,KEFAR YEHEZQEL
170,כפר יעבץ,KEFAR YA'BEZ
508,כפר כמא,KAFAR KAMA
509,כפר כנא,KAFAR KANNA
387,כפר מונש,KEFAR MONASH
1095,כפר מימון,KEFAR MAYMON
98,"כפר מל""ל",KEFAR MALAL
510,כפר מנדא,KAFAR MANDA
274,כפר מנחם,KEFAR MENAHEM
297,כפר מסריק,KEFAR MASARYK
512,כפר מצר,KAFAR MISR
764,כפר מרדכי,KEFAR MORDEKHAY
316,כפר נטר,KEFAR NETTER
345,כפר סאלד,KEFAR SZOLD
6900,כפר סבא,KEFAR SAVA
107,כפר סילבר,KEFAR SILVER
249,כפר סירקין,KEFAR SIRKIN
875,כפר עבודה,KEFAR AVODA
845,כפר עזה,KEFAR AZZA
3488,כפר עציון,KEFAR EZYON
189,כפר פינס,KEFAR PINES
634,כפר קאסם,KAFAR QASEM
388,כפר קיש,KEFAR KISCH
654,כפר קרע,KAFAR QARA
579,כפר ראש הנקרה,KEFAR ROSH HANIQRA
1130,כפר רוזנואלד (זרעית),KEFAR ROZENWALD(ZARIT)
295,כפר רופין,KEFAR RUPPIN
1166,כפר רות,KEFAR RUT
605,כפר שמאי,KEFAR SHAMMAY
743,כפר שמואל,KEFAR SHEMU'EL
267,כפר שמריהו,KEFAR SHEMARYAHU
47,כפר תבור,KEFAR TAVOR
3572,כפר תפוח,KEFAR TAPPUAH
1285,כרכום,KARKOM
664,כרם בן זמרה,KEREM BEN ZIMRA
88,כרם בן שמן,KEREM BEN SHEMEN
1094,כרם יבנה (ישיבה),KEREM YAVNE(YESHIVA)
580,"כרם מהר""ל",KEREM MAHARAL
1085,כרם שלום,KEREM SHALOM
1264,כרמי יוסף,KARME YOSEF
3766,כרמי צור,KARME ZUR
1139,כרמיאל,KARMI'EL
768,כרמייה,KARMIYYA
1198,כרמים,KERAMIM
3656,כרמל,KARMEL
1207,לבון,LAVON
585,לביא,LAVI
1230,לבנים,LIVNIM
2023,להב,LAHAV
380,להבות הבשן,LAHAVOT HABASHAN
715,להבות חביבה,LAHAVOT HAVIVA
1271,להבים,LEHAVIM
7000,לוד,LOD
52,לוזית,LUZIT
595,לוחמי הגיטאות,LOHAME HAGETA'OT
1171,לוטם,LOTEM
1255,לוטן,LOTAN
674,לימן,LIMAN
24,לכיש,LAKHISH
1310,לפיד,LAPPID
1173,לפידות,LAPPIDOT
1060,לקיה,LAQYE
2055,מאור,MA'OR
102,מאיר שפיה,ME'IR SHEFEYA
771,מבוא ביתר,MEVO BETAR
3569,מבוא דותן,MEVO DOTAN
3709,מבוא חורון,MEVO HORON
4204,מבוא חמה,MEVO HAMMA
1141,מבוא מודיעים,MEVO MODI'IM
1318,מבואות ים,MEVO'OT YAM
1080,מבועים,MABBU'IM
829,מבטחים,MIVTAHIM
573,מבקיעים,MAVQI'IM
1015,מבשרת ציון,MEVASSERET ZIYYON
516,מג'ד אל-כרום,MAJD AL-KURUM
4201,מג'דל שמס,MAJDAL SHAMS
481,מגאר,MUGHAR
689,מגדים,MEGADIM
65,מגדל,MIGDAL
874,מגדל העמק,MIGDAL HAEMEQ
3561,מגדל עוז,MIGDAL OZ
1722,מגדל תפן,
3751,מגדלים,MIGDALIM
586,מגידו,MEGIDDO
375,מגל,MAGGAL
695,מגן,MAGEN
1155,מגן שאול,MAGEN SHA'UL
722,מגשימים,MAGSHIMIM
2029,מדרך עוז,MIDRAKH OZ
1140,מדרשת בן גוריון,MIDRESHET BEN GURION
897,מדרשת רופין,MIDRESHET RUPPIN
1200,מודיעין-מכבים-רעות*,MODI'IN-MAKKABBIM-RE'UT
3797,מודיעין עילית,MODI'IN ILLIT
1360,מולדה*,MOLADA*
269,מולדת,MOLEDET
208,מוצא עילית,MOZA ILLIT
635,מוקייבלה,MUQEIBLE
1163,מורן,MORAN
1178,מורשת,MORESHET
606,מזור,MAZOR
28,מזכרת בתיה,MAZKERET BATYA
1879,"מזרח השרון מ""א 16",
1880,"מזרח השרון מ""א 18",
104,מזרע,MIZRA
517,מזרעה,MAZRA'A
3599,מחולה,MEHOLA
1411,מחנה הילה*,MAHANE HILLA
1418,מחנה טלי*,MAHANE TALI
1413,מחנה יהודית*,MAHANE YEHUDIT
1416,מחנה יוכבד*,MAHANE YOKHEVED
1415,מחנה יפה*,MAHANE YAFA
1196,מחנה יתיר,MAHANE YATTIR
1414,מחנה מרים*,MAHANE MIRYAM
1417,מחנה עדי*,MAHANE ADI
1412,מחנה תל נוף*,MAHANE TEL NOF
308,מחניים,MAHANAYIM
776,מחסיה,MAHSEYA
43,מטולה,METULA
822,מטע,MATTA
1128,מי עמי,ME AMMI
2054,מיטב,METAV
649,מייסר,MEISER
4019,מיצר,MEZAR
1282,מירב,MERAV
607,מירון,MERON
731,מישר,MESHAR
1268,מיתר,METAR
3614,מכורה,MEKHORA
1343,מכחול,MAKCHUL
382,מכמורת,MIKHMORET
1202,מכמנים,MIKHMANNIM
164,מלאה,MELE'A
2044,מלילות,MELILOT
596,מלכייה,MALKIYYA
1154,מלכישוע,MALKISHUA
2030,מנוחה,MENUHA
1174,מנוף,MANOF
1205,מנות,MANOT
48,מנחמיה,MENAHEMYA
347,מנרה,MENARA
994,מנשית זבדה,MANSHIYYET ZABDA
1258,מסד,MASSAD
263,מסדה,MASSADA
298,מסילות,MESILLOT
742,מסילת ציון,MESILLAT ZIYYON
748,מסלול,MASLUL
4203,מסעדה,MAS'ADE
939,מסעודין אל-עזאזמה (שבט),MAS'UDIN AL-'AZAZME
197,מעברות,MA'BAROT
1082,מעגלים,MA'GALIM
678,מעגן,MA'AGAN
694,מעגן מיכאל,MA'AGAN MIKHA'EL
272,מעוז חיים,MA'OZ HAYYIM
3657,מעון,MA'ON
570,מעונה,ME'ONA
416,מעיין ברוך,MA'YAN BARUKH
290,מעיין צבי,MA'YAN ZEVI
518,מעיליא,MI'ELYA
3616,מעלה אדומים,MA'ALE ADUMMIM
3608,מעלה אפרים,MA'ALE EFRAYIM
1127,מעלה גלבוע,MA'ALE GILBOA
4008,מעלה גמלא,MA'ALE GAMLA
286,מעלה החמישה,MA'ALE HAHAMISHA
3752,מעלה לבונה,MA'ALE LEVONA
3651,מעלה מכמש,MA'ALE MIKHMAS
1327,מעלה עירון,MA'ALE IRON
3653,מעלה עמוס,MA'ALE AMOS
3637,מעלה שומרון,MA'ALE SHOMERON
1063,מעלות-תרשיחא,MA'ALOT-TARSHIHA
344,מענית,MA'ANIT
1876,"מערב השרון מ""א 16",
1877,"מערב השרון מ""א 18",
1878,"מערב השרון מ""א 19",
230,מעש,MA'AS
668,מפלסים,MEFALLESIM
1767,"מפעלי אבשלו""ם",
1791,מפעלי ברקן,
1706,מפעלי גליל עליון,
1739,מפעלי גרנות,
1717,מפעלי העמק (יזרעאל),
1729,מפעלי חבל מודיעים,
1745,מפעלי חפר,
1775,מפעלי ים המלח(סדום),
1753,מפעלי כנות,
1773,מפעלי מישור רותם,
1769,מפעלי מעון,
1701,מפעלי נחם הרטוב,
1761,מפעלי צומת מלאכי,
1776,מפעלי צין - ערבה,
1711,מפעלי צמח,
1719,מפעלי שאן,
3745,מצדות יהודה,MEZADOT YEHUDA
325,מצובה,MAZZUVA
757,מצליח,MAZLIAH
58,מצפה,MIZPA
1222,"מצפה אבי""ב",MIZPE AVIV
1370,מצפה אילן,MITSPE ILAN
3576,מצפה יריחו,MIZPE YERIHO
1190,מצפה נטופה,MIZPE NETOFA
99,מצפה רמון,MIZPE RAMON
3610,מצפה שלם,MIZPE SHALEM
648,מצר,MEZER
22,מקווה ישראל,MIQWE YISRA'EL
843,מרגליות,MARGALIYYOT
4101,מרום גולן,MEROM GOLAN
1340,מרחב עם,MERHAV AM
97,מרחביה (מושב),MERHAVYA(MOSHAV)
66,מרחביה (קיבוץ),MERHAVYA(QIBBUZ)
1713,מרכז אזורי כדורי,
1708,מרכז אזורי מרום הגליל,
1723,מרכז אזורי משגב,
1747,מרכז אזורי שוהם,
1705,"מרכז כ""ח",
1715,"מרכז מיר""ב*",
1098,מרכז שפירא,MERKAZ SHAPPIRA
421,משאבי שדה,MASH'ABBE SADE
765,משגב דב,MISGAV DOV
378,משגב עם,MISGAV AM
520,משהד,MESHHED
3605,משואה,MASSU'A
620,משואות יצחק,MASSU'OT YIZHAQ
3785,משכיות,MASKIYYOT
670,משמר איילון,MISHMAR AYYALON
563,משמר דוד,MISHMAR DAWID
732,משמר הירדן,MISHMAR HAYARDEN
395,משמר הנגב,MISHMAR HANEGEV
130,משמר העמק,MISHMAR HAEMEQ
729,משמר השבעה,MISHMAR HASHIV'A
194,משמר השרון,MISHMAR HASHARON
213,משמרות,MISHMAROT
425,משמרת,MISHMERET
791,משען,MASH'EN
1315,מתן,MATTAN
1184,מתת,MATTAT
3648,מתתיהו,MATTITYAHU
4551,נאות גולן,NE'OT GOLAN
1124,נאות הכיכר,NE'OT HAKIKKAR
408,נאות מרדכי,NE'OT MORDEKHAY
1197,נאות סמדר,NE'OT SMADAR
524,נאעורה,NA'URA
396,נבטים,NEVATIM
315,נגבה,NEGBA
3724,נגוהות,NEGOHOT
309,נהורה,NEHORA
80,נהלל,NAHALAL
9100,נהרייה,NAHARIYYA
4304,נוב,NOV
55,נוגה,NOGAH
1366,נווה,NAVE
926,נווה אבות,NEWE AVOT
590,נווה אור,NEWE UR
4303,"נווה אטי""ב",NEWE ATIV
405,נווה אילן,NEWE ILAN
1702,נווה אילן*,
296,נווה איתן,NEWE ETAN
3725,נווה דניאל,NEWE DANIYYEL
1057,נווה זוהר,NEWE ZOHAR
1314,נווה זיו,NEWE ZIV
1279,נווה חריף,NEWE HARIF
312,נווה ים,NEWE YAM
686,נווה ימין,NEWE YAMIN
858,נווה ירק,NEWE YARAQ
827,נווה מבטח,NEWE MIVTAH
1071,נווה מיכאל,NEWE MIKHA'EL
1259,נווה שלום,NEWE SHALOM
15,נועם,NO'AM
1333,נוף איילון,NOF AYYALON
3790,נופים,NOFIM
1284,נופית,NOFIT
257,נופך,NOFEKH
3726,נוקדים,NOQEDIM
447,נורדייה,NORDIYYA
833,נורית,NURIT
59,נחושה,NEHUSHA
1883,"נחל יפתחאל מ""א 3",
844,נחל עוז,NAHAL OZ
1861,"נחל תבור מ""א 8",
2045,נחלה,NAHALA
3767,נחליאל,NAHALI'EL
449,נחלים,NEHALIM
809,נחם,NAHAM
522,נחף,NAHEF
433,נחשולים,NAHSHOLIM
777,נחשון,NAHSHON
705,נחשונים,NAHSHONIM
1147,נטועה,NETU'A
4014,נטור,NATUR
1369,נטע,NETA
174,נטעים,NETA'IM
1254,נטף,NATAF
523,ניין,NEIN
3655,"ניל""י",NILI
351,ניצן,NIZZAN
1419,ניצן ב',NIZZAN B
1195,ניצנה (קהילת חינוך),NIZZANA (QEHILAT HINUH)
1280,ניצני סיני,NIZZANE SINAY
851,ניצני עוז,NIZZANE OZ
359,ניצנים,NIZZANIM
808,ניר אליהו,NIR ELIYYAHU
553,ניר בנים,NIR BANIM
720,ניר גלים,NIR GALLIM
256,ניר דוד (תל עמל),NIR DAWID (TEL AMAL)
11,"ניר ח""ן",NIR HEN
165,ניר יפה,NIR YAFE
402,ניר יצחק,NIR YIZHAQ
699,ניר ישראל,NIR YISRA'EL
2047,ניר משה,NIR MOSHE
69,ניר עוז,NIR OZ
348,ניר עם,NIR AM
769,ניר עציון,NIR EZYON
2048,ניר עקיבא,NIR AQIVA
331,ניר צבי,NIR ZEVI
602,נירים,NIRIM
1236,נירית,NIRIT
3620,נירן,NIRAN
1748,נמל תעופה בן-גוריון,
825,נס הרים,NES HARIM
1143,נס עמים,NES AMMIM
7200,נס ציונה,NES ZIYYONA
186,נעורים,NE'URIM
3787,נעלה,NA'ALE
3713,"נעמ""ה",NA'AMA
158,נען,NA'AN
1982,נפת בית לחם,
1981,"נפת בית לחם מ""א 76",
1971,נפת ג'נין  ,
1970,"נפת ג'נין  מ""א 72",
1984,נפת חברון,
1983,"נפת חברון מ""א 78",
1975,נפת טול כרם,
1974,"נפת טול כרם  מ""א 72",
1980,נפת ירדן,
1978,"נפת ירדן מ""א 74",
1979,"נפת ירדן מ""א 75",
1977,נפת ראמאללה ,
1976,"נפת ראמאללה מ""א  73",
1973,נפת שכם,
1972,"נפת שכם מ""א 72",
1041,נצאצרה (שבט),NASASRA
1372,נצר חזני,NEZER HAZZANI
435,נצר סרני,NEZER SERENI
7300,נצרת,NAZARETH
1061,נצרת עילית,NAZERAT ILLIT
2500,נשר,NESHER
3555,נתיב הגדוד,NETIV HAGEDUD
693,"נתיב הל""ה",NETIV HALAMED-HE
1242,נתיב העשרה,NETIV HAASARA
792,נתיב השיירה,NETIV HASHAYYARA
246,נתיבות,NETIVOT
7400,נתניה,NETANYA
525,סאג'ור,SAJUR
578,סאסא,SASA
587,סביון*,SAVYON
2046,סגולה,SEGULLA
942,סואעד (חמרייה)*,SAWA'ID(HAMRIYYE)
989,סואעד (כמאנה) (שבט),SAWA'ID (KAMANE)
526,סולם,SULAM
3756,סוסיה,SUSEYA
1238,סופה,SUFA
7500,סח'נין,SAKHNIN
1170,סייד (שבט),SAYYID
1245,סלמה,SALLAMA
3567,סלעית,SAL'IT
1156,סמר,SAMAR
3777,סנסנה,SANSANA
419,סעד,SA'AD
454,סער,SA'AR
1176,ספיר,SAPPIR
610,סתרייה,SITRIYYA
4501,ע'ג'ר,GHAJAR
892,עבדון,AVDON
376,עברון,EVRON
794,עגור,AGUR
1762,עד הלום,
1199,עדי,ADI
2035,עדנים,ADANIM
826,עוזה,UZA
528,עוזייר,UZEIR
737,עולש,OLESH
666,עומר,OMER
810,עופר,OFER
32,עוצם,OZEM
957,עוקבי (בנו עוקבה) (שבט),UQBI (BANU UQBA)
328,עזוז,EZUZ
1149,עזר,EZER
837,עזריאל,AZRI'EL
711,עזריה,AZARYA
817,עזריקם,AZRIQAM
969,עטאוונה (שבט),ATAWNE
3658,עטרת,ATERET
1175,עידן,IDDAN
530,עיילבון,EILABUN
156,עיינות,AYANOT
511,עילוט,ILUT
687,עין איילה,EN AYYALA
546,עין אל-אסד,EIN AL-ASAD
273,עין גב,EN GEV
2042,עין גדי,EN GEDI
436,עין דור,EN DOR
1240,עין הבשור,EN HABESOR
74,עין הוד,EN HOD
167,עין החורש,EN HAHORESH
289,עין המפרץ,EN HAMIFRAZ
383,"עין הנצי""ב",EN HANAZIV
367,עין העמק,EN HAEMEQ
270,עין השופט,EN HASHOFET
676,עין השלושה,EN HASHELOSHA
157,עין ורד,EN WERED
4503,עין זיוון,EN ZIWAN
1320,עין חוד,EIN HOD
1053,עין חצבה,EN HAZEVA
89,עין חרוד (איחוד),EN HAROD (IHUD)
82,עין חרוד (מאוחד),EN HAROD(ME'UHAD)
806,עין יהב,EN YAHAV
813,עין יעקב,EN YA'AQOV
1056,"עין כרם-בי""ס חקלאי",EN KAREM-B.S.HAQLA'I
426,עין כרמל,EN KARMEL
532,עין מאהל,EIN MAHEL
521,עין נקובא,EIN NAQQUBA
223,עין עירון,EN IRON
622,עין צורים,EN ZURIM
4502,עין קנייא,EIN QINIYYE
514,עין ראפה,EIN RAFA
139,עין שמר,EN SHEMER
880,עין שריד,EN SARID
1251,עין תמר,EN TAMAR
871,עינת,ENAT
1187,עיר אובות,IR OVOT
7600,עכו,AKKO
1146,עלומים,ALUMIM
3765,עלי,ELI
3727,עלי זהב,ALE ZAHAV
688,עלמה,ALMA
3715,עלמון,ALMON
1212,עמוקה,AMUQQA
779,עמינדב,AMMINADAV
385,עמיעד,AMMI'AD
318,עמיעוז,AMMI'OZ
773,עמיקם,AMMIQAM
319,עמיר,AMIR
3660,עמנואל,IMMANU'EL
1824,"עמק בית שאן מ""א 7",
1825,"עמק בית שאן של""ש",
1806,"עמק חולה מ""א 1",
1807,"עמק חולה מ""א 55",
1808,"עמק חולה של""ש",
1875,"עמק חפר מזרח מ""א 16",
1826,"עמק חרוד מ""א 8",
1827,"עמק חרוד של""ש",
1834,"עמק יזרעאל מ""א 13",
1832,"עמק יזרעאל מ""א 8",
1833,"עמק יזרעאל מ""א 9",
708,עמקה,AMQA
3712,ענב,ENAV
534,עספיא,ISIFYA
7700,עפולה,AFULA
3617,עפרה,OFRA
3778,עץ אפרים,EZ EFRAYIM
917,עצמון שגב,ATSMON SEGEV
531,עראבה,ARRABE
1246,עראמשה*,ARAMSHA
1335,ערב אל נעים,ARAB AL NAIM
2560,ערד,ARAD
593,ערוגות,ARUGOT
637,ערערה,AR'ARA
1192,ערערה-בנגב,AR'ARA-BANEGEV
591,עשרת,ASERET
53,עתלית,ATLIT
3748,עתניאל,OTNI'EL
1151,פארן,PARAN
1961,"פארק הירדן מ""א 6",
1763,פארק תעשיות ספירים,
3768,פדואל,PEDU'EL
750,פדויים,PEDUYIM
838,פדיה,PEDAYA
537,פוריידיס,FUREIDIS
1104,פורייה - כפר עבודה,PORIYYA-KEFAR AVODA
1105,פורייה - נווה עובד,PORIYYA-NEWE OVED
1313,פורייה עילית,PORIYYA ILLIT
767,פורת,PORAT
749,פטיש,PATTISH
1185,פלך,PELEKH
597,פלמחים,PALMAHIM
3723,פני חבר,PENE HEVER
3659,פסגות,PESAGOT
535,פסוטה,FASSUTA
2059,"פעמי תש""ז",PA'AME TASHAZ
3615,פצאל,PEZA'EL
536,פקיעין (בוקייעה),PEQI'IN (BUQEI'A)
281,פקיעין חדשה,PEQI'IN HADASHA
7800,פרדס חנה-כרכור,PARDES HANNA-KARKUR
171,פרדסייה,PARDESIYYA
599,פרוד,PAROD
2053,פרזון,PERAZON
1231,פרי גן,PERI GAN
7900,פתח תקווה,PETAH TIQWA
839,פתחיה,PETAHYA
413,צאלים,ZE'ELIM
1180,צביה,ZVIYYA
1213,צבעון,ZIV'ON
465,צובה,ZOVA
1136,צוחר,ZOHAR
1111,צופייה,ZOFIYYA
3791,צופים,ZUFIM
198,צופית,ZOFIT
1150,צופר,ZOFAR
1102,צוקי ים,ZUQI YAM
1262,צוקים,ZUQIM
1113,צור הדסה,ZUR HADASSA
1345,צור יצחק,ZUR YIZHAQ
276,צור משה,ZUR MOSHE
1148,צור נתן,ZUR NATAN
774,צוריאל,ZURI'EL
1221,צורית,ZURIT
613,ציפורי,ZIPPORI
796,צלפון,ZELAFON
636,צנדלה,SANDALA
594,צפרייה,ZAFRIYYA
1079,צפרירים,ZAFRIRIM
8000,צפת,ZEFAT
612,צרופה,ZERUFA
567,צרעה,ZOR'A
1234,קבועה (שבט),QABBO'A
334,קבוצת יבנה,QEVUZAT YAVNE
3557,קדומים,QEDUMIM
195,קדימה-צורן,QADIMA-ZORAN
392,קדמה,QEDMA
4025,קדמת צבי,QIDMAT ZEVI
3781,קדר,QEDAR
615,קדרון,QIDRON
1211,קדרים,QADDARIM
964,קודייראת א-צאנע (שבט),QUDEIRAT AS-SANI
972,קוואעין (שבט),QAWA'IN
766,קוממיות,QOMEMIYYUT
1179,קורנית,QORANIT
1052,קטורה,QETURA
1167,קיסריה,QESARYYA
414,קלחים,QELAHIM
3601,קליה,QALYA
638,קלנסווה,QALANSAWE
4024,קלע,QELA
1243,קציר                ,QAZIR
1347,קצר א-סר,QASR A-SIR
4100,קצרין,QAZRIN
2620,קריית אונו,QIRYAT ONO
3611,קריית ארבע,QIRYAT ARBA
6800,קריית אתא,QIRYAT ATTA
9500,קריית ביאליק,QIRYAT BIALIK
2630,קריית גת,QIRYAT GAT
1768,קריית חינוך מרחבים*,
2300,קריית טבעון,QIRYAT TIV'ON
9600,קריית ים,QIRYAT YAM
1137,קריית יערים,QIRYAT YE'ARIM
2039,קריית יערים (מוסד),QIRYAT YE'ARIM(INSTITUTE)
8200,קריית מוצקין,QIRYAT MOTZKIN
1034,קריית מלאכי,QIRYAT MAL'AKHI
3746,קריית נטפים,QIRYAT NETAFIM
78,קריית ענבים,QIRYAT ANAVIM
469,קריית עקרון,QIRYAT EQRON
412,קריית שלמה,QIRYAT SHELOMO
2800,קריית שמונה,QIRYAT SHEMONA
1766,קרית חינוך עזתה,
1746,קרית תעופה,
3640,קרני שומרון,QARNE SHOMERON
4006,קשת,QESHET
543,ראמה,RAME
1334,ראס אל-עין,RAS AL-EIN
990,ראס עלי,RAS ALI
2640,ראש העין,ROSH HAAYIN
26,ראש פינה,ROSH PINNA
3602,ראש צורים,ROSH ZURIM
8300,ראשון לציון,RISHON LEZIYYON
3795,רבבה,REVAVA
564,רבדים,REVADIM
354,רביבים,REVIVIM
1225,רביד,RAVID
390,רגבה,REGBA
444,רגבים,REGAVIM
1161,רהט,RAHAT
2051,רווחה,REWAHA
2016,רוויה,REWAYA
1341,רוח מדבר,RUAH MIDBAR
362,רוחמה,RUHAMA
539,רומאנה,RUMMANE
997,רומת הייב,RUMAT HEIB
3619,רועי,RO'I
3782,רותם,ROTEM
854,רחוב,REHOV
8400,רחובות,REHOVOT
3822,רחלים,REHELIM
540,ריחאנייה,REIHANIYYE
3568,ריחן,REHAN
542,ריינה,REINE
3565,רימונים,RIMMONIM
616,רינתיה,RINNATYA
922,רכסים,REKHASIM
1069,רם-און,RAM-ON
4702,רמות,RAMOT
206,רמות השבים,RAMOT HASHAVIM
735,רמות מאיר,RAMOT ME'IR
445,רמות מנשה,RAMOT MENASHE
372,רמות נפתלי,RAMOT NAFTALI
8500,רמלה,RAMLA
8600,רמת גן,RAMAT GAN
135,רמת דוד,RAMAT DAWID
184,רמת הכובש,RAMAT HAKOVESH
335,רמת השופט,RAMAT HASHOFET
2650,רמת השרון,RAMAT HASHARON
1770,רמת חובב,
178,רמת יוחנן,RAMAT YOHANAN
122,רמת ישי,RAMAT YISHAY
1828,"רמת כוכב מ""א 7",
1829,"רמת כוכב מ""א 8",
1830,"רמת כוכב מ""א 9",
1831,"רמת כוכב של""ש",
4701,רמת מגשימים,RAMAT MAGSHIMIM
1837,"רמת מנשה מ""א 13",
1838,"רמת מנשה של""ש",
339,רמת צבי,RAMAT ZEVI
460,רמת רזיאל,RAMAT RAZI'EL
127,רמת רחל,RAMAT RAHEL
789,רנן,RANNEN
713,רעים,RE'IM
8700,רעננה,RA'ANNANA
1228,רקפת,RAQQEFET
247,רשפון,RISHPON
437,רשפים,RESHAFIM
1260,רתמים,RETAMIM
324,שאר ישוב,SHE'AR YASHUV
282,שבי ציון,SHAVE ZIYYON
3571,שבי שומרון,SHAVE SHOMERON
913,שבלי - אום אל-גנם,SHIBLI-UMM AL-GHANAM
1286,שגב-שלום,SEGEV-SHALOM
721,שדה אילן,SEDE ILAN
304,שדה אליהו,SEDE ELIYYAHU
861,שדה אליעזר,SEDE ELI'EZER
885,שדה בוקר,SEDE BOQER
36,שדה דוד,SEDE DAWID
284,שדה ורבורג,SEDE WARBURG
293,שדה יואב,SEDE YO'AV
142,שדה יעקב,SEDE YA'AQOV
2008,שדה יצחק,SEDE YIZHAQ
18,שדה משה,SEDE MOSHE
259,שדה נחום,SEDE NAHUM
329,שדה נחמיה,SEDE NEHEMYA
1058,שדה ניצן,SEDE NIZZAN
739,שדה עוזיהו,SEDE UZZIYYAHU
2049,שדה צבי,SEDE ZEVI
327,שדות ים,SEDOT YAM
27,שדות מיכה,SEDOT MIKHA
1223,שדי אברהם,SEDE AVRAHAM
2015,שדי חמד,SEDE HEMED
2057,שדי תרומות,SEDE TERUMOT
555,שדמה,SHEDEMA
306,שדמות דבורה,SHADMOT DEVORA
3578,שדמות מחולה,SHADMOT MEHOLA
1031,שדרות,SEDEROT
741,שואבה,SHO'EVA
761,שובה,SHUVA
394,שובל,SHOVAL
1304,שוהם,SHOHAM
614,שומרה,SHOMERA
1265,שומרייה,SHOMERIYYA
415,שוקדה,SHOQEDA
456,שורש,SHORESH
1235,שורשים,SHORASHIM
224,שושנת העמקים,SHOSHANNAT HAAMAQIM
527,שזור,SHEZOR
7,שחר,SHAHAR
1266,שחרות,SHAHARUT
865,שיבולים,SHIBBOLIM
1267,שיטים,SHITTIM
658,שייח' דנון,SHEIKH DANNUN
3641,שילה,SHILO
1165,שילת,SHILAT
1160,שכניה,SHEKHANYA
873,שלווה,SHALWA
1373,שלווה במדבר,SHALVA BAMIDBAR
439,שלוחות,SHELUHOT
812,שלומי,SHELOMI
1364,שלומית,SHLOMIT
1793,שלומציון,
366,שמיר,SHAMIR
3784,שמעה,SHIM'A
432,שמרת,SHAMERAT
1337,שמשית,SHIMSHIT
1287,שני,SHANI
1132,שניר,SENIR
538,שעב,SHA'AB
4009,שעל,SHA'AL
856,שעלבים,SHA'ALVIM
661,שער אפרים,SHA'AR EFRAYIM
264,שער הגולן,SHA'AR HAGOLAN
237,שער העמקים,SHA'AR HAAMAQIM
921,שער מנשה,SHA'AR MENASHE
3720,שערי תקווה,SHA'ARE TIQWA
232,שפיים,SHEFAYIM
692,שפיר,SHAFIR
1803,"שפלת יהודה מ""א 26",
1804,"שפלת יהודה של""ש",
846,שפר,SHEFER
8800,שפרעם,SHEFAR'AM
3649,שקד,SHAQED
1233,שקף,SHEQEF
292,שרונה,SHARONA
1114,שריגים (לי-און),SARIGIM (LI-ON)
126,שריד,SARID
398,שרשרת,SHARSHERET
1045,שתולה,SHETULA
763,שתולים,SHETULIM
2062,תאשור,TE'ASHUR
2061,תדהר,TIDHAR
1172,תובל,TUVAL
3558,תומר,TOMER
1083,תושייה,TUSHIYYA
163,תימורים,TIMMORIM
10,תירוש,TIROSH
5000,תל אביב -יפו,TEL AVIV - YAFO
1707,תל חי (מכללה),
84,תל יוסף,TEL YOSEF
287,תל יצחק,TEL YIZHAQ
154,תל מונד,TEL MOND
103,תל עדשים,TEL ADASHIM
719,תל קציר,TEL QAZIR
1054,תל שבע,TEL SHEVA
1283,תל תאומים,TEL TE'OMIM
3719,תלם,TELEM
1051,תלמי אליהו,TALME ELIYYAHU
2003,תלמי אלעזר,TALME EL'AZAR
2050,"תלמי ביל""ו",TALME BILU
1237,תלמי יוסף,TALME YOSEF
727,תלמי יחיאל,TALME YEHI'EL
744,תלמי יפה,TALME YAFE
814,תלמים,TELAMIM
1244,תמרת,TIMRAT
2002,תנובות,TENUVOT
752,תעוז,TA'OZ
1744,תעשיון בינימין*,
1741,תעשיון השרון,
1750,תעשיון חבל יבנה,
1742,תעשיון חצב*,
1754,תעשיון מבצע*,
1794,תעשיון מיתרים,
1749,תעשיון צריפין,
1755,תעשיון ראם*,
1792,"תעשיון שח""ק",
1714,תעשיות גליל תחתון,
709,תפרח,TIFRAH
665,תקומה,TEQUMA
3563,תקוע,TEQOA
970,תראבין א-צאנע (שבט),TARABIN AS-SANI
1346,תרבין א-צאנע (יישוב)*,TARABIN AS-SANI
778,תרום,TARUM
